Name,Website,Instagram_Username,Instagram_Followers,Instagram_Following,Instagram_Total_Posts
Grimshaw,https://grimshaw.global//,grimshawarch,Not Found,Not Found,Not Found
Zaha Hadid Architects,http://www.zaha-hadid.com/,zahahadidarchitects,Not Found,Not Found,Not Found
Mamou-Mani,https://mamou-mani.com/,mamoumani,Not Found,Not Found,Not Found
McLean Quinlan,https://mcleanquinlan.com/,mcleanquinlan,Not Found,Not Found,Not Found
3D Reid,https://www.3dreid.com/,3dreid_london,Not Found,Not Found,Not Found
Morris+Company,https://morrisand.company/,moco_arch,Not Found,Not Found,Not Found
Chapman Taylor,https://www.chapmantaylor.com/,chapman_taylor_architects,Not Found,Not Found,Not Found
Conran & Partners,https://conranandpartners.com/,conranandpartners,Not Found,Not Found,Not Found
BDP,https://www.bdp.com/,bdp_com,Not Found,Not Found,Not Found
Rogers Stirk Harbour + Partners,https://www.rsh-p.com/,rogersstirkharbour,Not Found,Not Found,Not Found
Patrick Bradley Architects,https://www.pb-architects.com/,pbarchitects,Not Found,Not Found,Not Found
Sam Jacob Studio,https://www.samjacob.com/,_samjacob,Not Found,Not Found,Not Found
Amos Goldreich Architecture,https://www.agarchitecture.net/,agarchitecture,Not Found,Not Found,Not Found
Alison Brooks Architects,https://www.alisonbrooksarchitects.com/,alisonbrooksarchitects,Not Found,Not Found,Not Found
Buckley Gray Yeoman,http://www.bgy.co.uk/,bgyarchitects,Not Found,Not Found,Not Found
HLM Architects,https://hlmarchitects.com/,hlmarchitects,Not Found,Not Found,Not Found
Sheppard Robson,http://www.sheppardrobson.com/,sheppard_robson,Not Found,Not Found,Not Found
Jonathan Tuckey Design,http://www.jonathantuckey.com/,jonathantuckeydesign,Not Found,Not Found,Not Found
Koto Design,https://kotodesign.co.uk/,koto_cabins,Not Found,Not Found,Not Found
Charles Holland Architects,http://www.charleshollandarchitects.co.uk/,charlesjholland,Not Found,Not Found,Not Found
EPR Architects,https://www.epr.co.uk/,eprarchitects,Not Found,Not Found,Not Found
Stallan-Brand,https://stallanbrand.com/,stallanbrand,Not Found,Not Found,Not Found
ADP Architecture,http://www.adp-architecture.com/,adp_architecture,Not Found,Not Found,Not Found
Foster + Partners,https://www.fosterandpartners.com/,fosterandpartners,Not Found,Not Found,Not Found
HTA Design,http://www.hta.co.uk/,htadesignllp,Not Found,Not Found,Not Found
Purcell,https://www.purcelluk.com/,purcell.architecture,Not Found,Not Found,Not Found
SHH,https://shh.co.uk/,shharchitects,Not Found,Not Found,Not Found
Gregory Phillips Architects,https://gregoryphillips.com/,gregoryphillipsarchitects,Not Found,Not Found,Not Found
Richard Murphy Architects,http://www.richardmurphyarchitects.com/,richardmurphyarchitects,Not Found,Not Found,Not Found
John Pawson,http://www.johnpawson.com/,johnpawson,Not Found,Not Found,Not Found
Darling Associates,https://www.darlingassociates.net/,darlingassociates,Not Found,Not Found,Not Found
Hawkins\Brown,https://www.hawkinsbrown.com/,hawkins_brown,Not Found,Not Found,Not Found
Associated Architects,http://www.associated-architects.co.uk/,associated_architects,Not Found,Not Found,Not Found
Farshid Moussavi Architecture,https://www.farshidmoussavi.com/,farshidmoussavi,Not Found,Not Found,Not Found
Scenario Architecture,https://scenarioarchitecture.com/,scenario_architecture,Not Found,Not Found,Not Found
ADAM Architecture,https://adamarchitecture.com/,adamarchitecture,Not Found,Not Found,Not Found
Rural Office for Architecture,http://www.ruralofficeforarchitecture.co.uk/,rural_office,Not Found,Not Found,Not Found
Mary Duggan Architects,http://www.marydugganarchitects.com/,marydugganarc,Not Found,Not Found,Not Found
Allford Hall Monaghan Morris,https://www.ahmm.co.uk/,ahmmarchitects,Not Found,Not Found,Not Found
Grafton Architects,http://www.graftonarchitects.ie/,graftonarchitects,Not Found,Not Found,Not Found
IF_DO,https://www.ifdo.co/,if_do,Not Found,Not Found,Not Found
Cullinan Studio,https://www.cullinanstudio.com/,cullinan_studio,Not Found,Not Found,Not Found
Stanton Williams,https://www.stantonwilliams.com/,stanton_williams,Not Found,Not Found,Not Found
Peter Barber Architects,http://www.peterbarberarchitects.com/,peterbarber12,Not Found,Not Found,Not Found
John McAslan + Partners,http://www.mcaslan.co.uk/,johnmcaslanpartners,Not Found,Not Found,Not Found
RKD Architects,https://rkd.ie/,rkd_architects,Not Found,Not Found,Not Found
Invisible Studio,http://www.invisiblestudio.org/,invisible_studio,Not Found,Not Found,Not Found
Ryder Architecture,http://www.ryderarchitecture.com/,ryderarchitecture,Not Found,Not Found,Not Found
Feilden Clegg Bradley Studios,http://www.fcbstudios.com/,fcbstudios,Not Found,Not Found,Not Found
RMJM,https://www.rmjm.com/,rmjmofficial,Not Found,Not Found,Not Found
Hopkins Architects,https://www.hopkins.co.uk/,hopkinsarchitects,Not Found,Not Found,Not Found
Scott Brownrigg,http://www.scottbrownrigg.com/,scottbrownriggltd,Not Found,Not Found,Not Found
AR Design Studio,https://ardesignstudio.co.uk/,ardesignstudio,Not Found,Not Found,Not Found
dRMM,http://www.drmm.co.uk/,drmmarchitects,Not Found,Not Found,Not Found
Levitt Bernstein,http://www.levittbernstein.co.uk/,levitt_bernstein,Not Found,Not Found,Not Found
Optimise Design,https://www.optimise-design.com/,optimisedesign,Not Found,Not Found,Not Found
Architype,https://architype.co.uk/,architypeuk,Not Found,Not Found,Not Found
Stride Treglown,https://stridetreglown.com/,stridetreglown,Not Found,Not Found,Not Found
Architecture for London,https://architectureforlondon.com/,architectureforlondon,Not Found,Not Found,Not Found
Farrells,http://www.farrells.com/,farrellsarchitects,Not Found,Not Found,Not Found
Hyde + Hyde Architects,https://www.hydearchitects.com/,hyde_architects,Not Found,Not Found,Not Found
Broadway Malyan,https://www.broadwaymalyan.com/,broadway.malyan,Not Found,Not Found,Not Found
AHR Architects,https://www.ahr.co.uk/,weareahr,Not Found,Not Found,Not Found
Piercy & Company,http://www.piercyandco.com/,piercyco,Not Found,Not Found,Not Found
David Chipperfield Architects,https://davidchipperfield.com/,david.chipperfield,Not Found,Not Found,Not Found
WilkinsonEyre,http://www.wilkinsoneyre.com/,wilkinsoneyre,Not Found,Not Found,Not Found
Rio Architects,http://www.rioarchitects.com/,rioarchitects,Not Found,Not Found,Not Found
Niall McLaughlin Architects,http://www.niallmclaughlin.com/,niallmclaughlinarchitects,Not Found,Not Found,Not Found
AL_A,https://www.ala.uk.com/,amandalevetearchitects,Not Found,Not Found,Not Found
Turner Works,https://turner.works/,turner.works,Not Found,Not Found,Not Found
Studio Indigo,https://studioindigo.co.uk/,studioindigoltd,Not Found,Not Found,Not Found
Corstorphine + Wright,https://www.corstorphine-wright.com/,corstorphinewright,Not Found,Not Found,Not Found
Michaelis Boyd,https://www.michaelisboyd.com/,michaelisboyd,Not Found,Not Found,Not Found
31/44 Architects,https://www.3144architects.com/,31_44,Not Found,Not Found,Not Found
Carmody Groarke,https://www.carmodygroarke.com/,carmodygroarke,Not Found,Not Found,Not Found
DF-DC,https://www.df-dc.co.uk/,dfdc_architects,Not Found,Not Found,Not Found
Barton Willmore,http://www.bartonwillmore.co.uk/,barton_willmore,Not Found,Not Found,Not Found
PLP Architecture,http://www.plparchitecture.com/,plparchitecture,Not Found,Not Found,Not Found
Waugh Thistleton Architects,http://www.waughthistleton.com/,waughthistletonarchitects,Not Found,Not Found,Not Found
Strom Architects,http://www.stromarchitects.com/,stromarchitects,Not Found,Not Found,Not Found
O’Donnell + Tuomey,https://odonnell-tuomey.ie/,odonnell_tuomey,Not Found,Not Found,Not Found
Coffey Architects,http://www.coffeyarchitects.com/,coffeyarchitects,Not Found,Not Found,Not Found
Fraher & Findlay,https://fraherandfindlay.com/,fraherandfindlay,Not Found,Not Found,Not Found
Pardini Hall Architecture,https://www.pardinihallarchitecture.com/,pardini_hall_architecture,Not Found,Not Found,Not Found
Mæ,https://www.mae.co.uk/,maearchitects,Not Found,Not Found,Not Found
Make,https://www.makearchitects.com/,make_architects,Not Found,Not Found,Not Found
Universal Design Studio,https://www.universaldesignstudio.com/,universaldesignstudio,Not Found,Not Found,Not Found
Squire & Partners,http://www.squireandpartners.com/,squirepartners,Not Found,Not Found,Not Found
Feilden Fowles,http://www.feildenfowles.co.uk/,feildenfowles,Not Found,Not Found,Not Found
TP Bennett,http://www.tpbennett.com/,tpbennettllp,Not Found,Not Found,Not Found
Allies and Morrison,https://www.alliesandmorrison.com/,alliesandmorrison,Not Found,Not Found,Not Found
PRP,https://www.prp-co.uk/,prparchitectsllp,Not Found,Not Found,Not Found
Jestico + Whiles,https://www.jesticowhiles.com/,jesticowhiles,Not Found,Not Found,Not Found
Office S&M,http://www.officesandm.com/,officesandm,Not Found,Not Found,Not Found
Heatherwick Studio,http://www.heatherwick.com/,officialheatherwickstudio,Not Found,Not Found,Not Found
Assemble Studio,https://www.assemblestudio.co.uk/,assembleofficial,Not Found,Not Found,Not Found
Adjaye Associates,https://www.adjaye.com/,adjayeassociates,Not Found,Not Found,Not Found
